F01-A1-F-12,F01,F,F0-B-M_A1,F0-A-F_A1
F01-A1-M-06,F01,M,F0-B-M_A1,F0-A-F_A1
F01-B1-F-03,F01,F,F0-B-M_B1,F0-A-F_B1
F01-B1-M-08,F01,M,F0-B-M_B1,F0-A-F_B1
F01-C1-F-10,F01,F,F0-B-M_C1,F0-A-F_C1
F01-C1-M-05,F01,M,F0-B-M_C1,F0-A-F_C1
F01-D1-F-04,F01,F,F0-B-M_D1,F0-A-F_D1
F01-D1-F-08,F01,F,F0-B-M_D1,F0-A-F_D1
F01-D1-M-11,F01,M,F0-B-M_D1,F0-A-F_D1
F01-E1-F-07,F01,F,F0-B-M_E1,F0-A-F_E1
F01-E1-M-11,F01,M,F0-B-M_E1,F0-A-F_E1
F01-E1-M-12,F01,M,F0-B-M_E1,F0-A-F_E1
F01-F1-F-06,F01,F,F0-B-M_F1,F0-A-F_F1
F01-F1-M-08,F01,M,F0-B-M_F1,F0-A-F_F1
F01-G1-F-03,F01,F,F0-B-M_G1,F0-A-F_G1
F01-G1-M-09,F01,M,F0-B-M_G1,F0-A-F_G1
F01-H1-F-08,F01,F,F0-B-M_H1,F0-A-F_H1
F01-H1-M-15,F01,M,F0-B-M_H1,F0-A-F_H1
F01-I1-F-03,F01,F,F0-B-M_I1,F0-A-F_I1
F01-I1-M-12,F01,M,F0-B-M_I1,F0-A-F_I1
F01-J1-F-02,F01,F,F0-B-M_J1,F0-A-F_J1
F01-K1-M-09,F01,M,F0-B-M_K1,F0-A-F_K1
F01-L1-F-05,F01,F,F0-B-M_L1,F0-A-F_L1
F01-L1-M-13,F01,M,F0-B-M_L1,F0-A-F_L1
F01-M1-F-07,F01,F,F0-B-M_M1,F0-A-F_M1
F01-M1-M-14,F01,M,F0-B-M_M1,F0-A-F_M1
F01-N1-F-01,F01,F,F0-B-M_N1,F0-A-F_N1
F01-N1-M-06,F01,M,F0-B-M_N1,F0-A-F_N1
F02-A1-F-04,F02,F,F01-A1-M-06,F01-B1-F-03
F02-A1-M-07,F02,M,F01-A1-M-06,F01-B1-F-03
F02-A1-M-08,F02,M,F01-A1-M-06,F01-B1-F-03
F02-B1-F-06,F02,F,F01-B1-M-08,F01-C1-F-10
F02-B1-F-07,F02,F,F01-B1-M-08,F01-C1-F-10
F02-B1-M-11,F02,M,F01-B1-M-08,F01-C1-F-10
F02-C1-F-05,F02,F,F01-C1-M-05,F01-D1-F-08
F02-C1-M-12,F02,M,F01-C1-M-05,F01-D1-F-08
F02-D1-F-03,F02,F,F01-D1-M-11,F01-E1-F-07
F02-D1-M-14,F02,M,F01-D1-M-11,F01-E1-F-07
F02-E1-F-04,F02,F,F01-E1-M-12,F01-F1-F-06
F02-E1-M-14,F02,M,F01-E1-M-12,F01-F1-F-06
F02-F1-F-02,F02,F,F01-F1-M-08,F01-G1-F-03
F02-F1-M-11,F02,M,F01-F1-M-08,F01-G1-F-03
F02-G1-F-02,F02,F,F01-G1-M-09,F01-H1-F-08
F02-H1-F-05,F02,F,F01-H1-M-15,F01-I1-F-03
F02-H1-M-08,F02,M,F01-H1-M-15,F01-I1-F-03
F02-I1-M-11,F02,M,F01-I1-M-12,F01-J1-F-02
F02-K1-F-01,F02,F,F01-K1-M-09,F01-L1-F-05
F02-K1-M-16,F02,M,F01-K1-M-09,F01-L1-F-05
F02-L1-F-04,F02,F,F01-L1-M-13,F01-M1-F-07
F02-L1-M-14,F02,M,F01-L1-M-13,F01-M1-F-07
F02-M1-F-03,F02,F,F01-M1-M-14,F01-N1-F-01
F02-M1-M-10,F02,M,F01-M1-M-14,F01-N1-F-01
F02-N1-F-07,F02,F,F01-N1-M-06,F01-A1-F-12
F02-N1-M-14,F02,M,F01-N1-M-06,F01-A1-F-12
F02-O1-F-02,F02,F,F01-E1-M-11,F01-D1-F-04
F02-O1-F-04,F02,F,F01-E1-M-11,F01-D1-F-04
F02-O1-M-10,F02,M,F01-E1-M-11,F01-D1-F-04
F02-O1-M-14,F02,M,F01-E1-M-11,F01-D1-F-04
F03-A1-F-02,F03,F,F02-A1-M-07,F02-C1-F-05
F03-A1-M-13,F03,M,F02-A1-M-07,F02-C1-F-05
F03-B1-F-03,F03,F,F02-B1-M-11,F02-D1-F-03
F03-B1-M-08,F03,M,F02-B1-M-11,F02-D1-F-03
F03-C1-F-02,F03,F,F02-C1-M-12,F02-E1-F-04
F03-C1-M-07,F03,M,F02-C1-M-12,F02-E1-F-04
F03-D1-F-12,F03,F,F02-D1-M-14,F02-F1-F-02
F03-D1-M-13,F03,M,F02-D1-M-14,F02-F1-F-02
F03-E1-F-03,F03,F,F02-E1-M-14,F02-G1-F-02
F03-E1-M-10,F03,M,F02-E1-M-14,F02-G1-F-02
F03-F1-F-03,F03,F,F02-F1-M-11,F02-H1-F-05
F03-F1-M-16,F03,M,F02-F1-M-11,F02-H1-F-05
F03-H1-F-01,F03,F,F02-H1-M-08,F02-K1-F-01
F03-H1-M-11,F03,M,F02-H1-M-08,F02-K1-F-01
F03-I1-F-01,F03,F,F02-I1-M-11,F02-L1-F-04
F03-I1-M-13,F03,M,F02-I1-M-11,F02-L1-F-04
F03-J1-F-07,F03,F,F02-K1-M-16,F02-M1-F-03
F03-J1-M-14,F03,M,F02-K1-M-16,F02-M1-F-03
F03-K1-F-06,F03,F,F02-L1-M-14,F02-N1-F-07
F03-K1-M-11,F03,M,F02-L1-M-14,F02-N1-F-07
F03-L1-F-03,F03,F,F02-M1-M-10,F02-O1-F-04
F03-L1-M-12,F03,M,F02-M1-M-10,F02-O1-F-04
F03-M1-F-06,F03,F,F02-N1-M-14,F02-B1-F-07
F03-M1-M-08,F03,M,F02-N1-M-14,F02-B1-F-07
F03-N1-F-05,F03,F,F02-O1-M-10,F02-A1-F-04
F03-N1-M-12,F03,M,F02-O1-M-10,F02-A1-F-04
F03-O1-F-02,F03,F,F02-A1-M-08,F02-O1-F-02
F03-O1-F-03,F03,F,F02-A1-M-08,F02-O1-F-02
F03-O1-M-14,F03,M,F02-A1-M-08,F02-O1-F-02
F03-P1-M-07,F03,M,F02-O1-M-14,F02-B1-F-06
F04-A1-F-05,F04,F,F03-A1-M-13,F03-E1-F-03
F04-A1-M-09,F04,M,F03-A1-M-13,F03-E1-F-03
F04-B1-F-04,F04,F,F03-B1-M-08,F03-F1-F-03
F04-B1-M-12,F04,M,F03-B1-M-08,F03-F1-F-03
F04-C1-F-05,F04,F,F03-C1-M-07,F03-H1-F-01
F04-C1-M-10,F04,M,F03-C1-M-07,F03-H1-F-01
F04-D1-F-01,F04,F,F03-D1-M-13,F03-I1-F-01
F04-D1-M-11,F04,M,F03-D1-M-13,F03-I1-F-01
F04-E1-F-03,F04,F,F03-E1-M-10,F03-J1-F-07
F04-E1-M-08,F04,M,F03-E1-M-10,F03-J1-F-07
F04-F1-F-06,F04,F,F03-F1-M-16,F03-K1-F-06
F04-G1-F-04,F04,F,F03-H1-M-11,F03-L1-F-03
F04-G1-M-08,F04,M,F03-H1-M-11,F03-L1-F-03
F04-H1-F-01,F04,F,F03-I1-M-13,F03-M1-F-06
F04-H1-M-11,F04,M,F03-I1-M-13,F03-M1-F-06
F04-I1-F-08,F04,F,F03-J1-M-14,F03-N1-F-05
F04-I1-M-13,F04,M,F03-J1-M-14,F03-N1-F-05
F04-J1-F-04,F04,F,F03-K1-M-11,F03-O1-F-03
F04-J1-M-10,F04,M,F03-K1-M-11,F03-O1-F-03
F04-J1-M-11,F04,M,F03-K1-M-11,F03-O1-F-03
F04-K1-F-04,F04,F,F03-L1-M-12,F03-A1-F-02
F04-K1-M-05,F04,M,F03-L1-M-12,F03-A1-F-02
F04-K1-M-06,F04,M,F03-L1-M-12,F03-A1-F-02
F04-L1-M-08,F04,M,F03-M1-M-08,F03-B1-F-03
F04-M1-F-03,F04,F,F03-N1-M-12,F03-C1-F-02
F04-M1-M-08,F04,M,F03-N1-M-12,F03-C1-F-02
F04-N1-F-02,F04,F,F03-O1-M-14,F03-D1-F-12
F04-N1-F-05,F04,F,F03-O1-M-14,F03-D1-F-12
F04-N1-M-12,F04,M,F03-O1-M-14,F03-D1-F-12
F04-O1-F-02,F04,F,F03-P1-M-07,F03-O1-F-02
F05-A1-M-12,F05,M,F04-A1-M-09,F04-G1-F-04
F05-B1-F-06,F05,F,F04-B1-M-12,F04-H1-F-01
F05-B1-M-07,F05,M,F04-B1-M-12,F04-H1-F-01
F05-C1-F-06,F05,F,F04-C1-M-10,F04-I1-F-08
F05-C1-M-09,F05,M,F04-C1-M-10,F04-I1-F-08
F05-D1-F-02,F05,F,F04-D1-M-11,F04-J1-F-04
F05-D1-M-07,F05,M,F04-D1-M-11,F04-J1-F-04
F05-E1-F-07,F05,F,F04-E1-M-08,F04-K1-F-04
F05-E1-M-11,F05,M,F04-E1-M-08,F04-K1-F-04
F05-G1-F-05,F05,F,F04-G1-M-08,F04-M1-F-03
F05-G1-M-10,F05,M,F04-G1-M-08,F04-M1-F-03
F05-H1-F-02,F05,F,F04-H1-M-11,F04-N1-F-05
F05-H1-F-06,F05,F,F04-H1-M-11,F04-N1-F-05
F05-H1-M-13,F05,M,F04-H1-M-11,F04-N1-F-05
F05-I1-F-06,F05,F,F04-I1-M-13,F04-A1-F-05
F05-J1-F-03,F05,F,F04-J1-M-10,F04-B1-F-04
F05-J1-M-10,F05,M,F04-J1-M-10,F04-B1-F-04
F05-K1-F-03,F05,F,F04-K1-M-06,F04-C1-F-05
F05-K1-M-08,F05,M,F04-K1-M-06,F04-C1-F-05
F05-L1-F-03,F05,F,F04-L1-M-08,F04-D1-F-01
F05-L1-M-13,F05,M,F04-L1-M-08,F04-D1-F-01
F05-M1-F-05,F05,F,F04-M1-M-08,F04-E1-F-03
F05-M1-M-06,F05,M,F04-M1-M-08,F04-E1-F-03
F05-N1-F-01,F05,F,F04-N1-M-12,F04-F1-F-06
F05-N1-M-08,F05,M,F04-N1-M-12,F04-F1-F-06
F05-O1-F-01,F05,F,F04-J1-M-11,F04-O1-F-02
F05-O1-M-10,F05,M,F04-J1-M-11,F04-O1-F-02
F05-P1-M-06,F05,M,F04-K1-M-05,F04-N1-F-02
F06-A1-F-05,F06,F,F05-A1-M-12,F05-I1-F-06
F06-A1-M-09,F06,M,F05-A1-M-12,F05-I1-F-06
F06-B1-F-02,F06,F,F05-B1-M-07,F05-J1-F-03
F06-B1-M-05,F06,M,F05-B1-M-07,F05-J1-F-03
F06-C1-F-02,F06,F,F05-C1-M-09,F05-K1-F-03
F06-C1-M-05,F06,M,F05-C1-M-09,F05-K1-F-03
F06-D1-F-03,F06,F,F05-D1-M-07,F05-L1-F-03
F06-D1-M-09,F06,M,F05-D1-M-07,F05-L1-F-03
F06-E1-F-02,F06,F,F05-E1-M-11,F05-M1-F-05
F06-E1-M-06,F06,M,F05-E1-M-11,F05-M1-F-05
F06-F1-F-03,F06,F,F05-G1-M-10,F05-N1-F-01
F06-F1-M-08,F06,M,F05-G1-M-10,F05-N1-F-01
F06-G1-F-01,F06,F,F05-H1-M-13,F05-O1-F-01
F06-G1-M-07,F06,M,F05-H1-M-13,F05-O1-F-01
F06-I1-F-01,F06,F,F05-J1-M-10,F05-B1-F-06
F06-I1-M-06,F06,M,F05-J1-M-10,F05-B1-F-06
F06-J1-F-01,F06,F,F05-K1-M-08,F05-C1-F-06
F06-J1-M-10,F06,M,F05-K1-M-08,F05-C1-F-06
F06-K1-F-03,F06,F,F05-L1-M-13,F05-D1-F-02
F06-K1-M-06,F06,M,F05-L1-M-13,F05-D1-F-02
F06-L1-F-06,F06,F,F05-M1-M-06,F05-E1-F-07
F06-L1-M-09,F06,M,F05-M1-M-06,F05-E1-F-07
F06-M1-F-01,F06,F,F05-N1-M-08,F05-G1-F-05
F06-M1-M-10,F06,M,F05-N1-M-08,F05-G1-F-05
F06-N1-F-02,F06,F,F05-O1-M-10,F05-H1-F-02
F06-N1-M-06,F06,M,F05-O1-M-10,F05-H1-F-02
F06-O1-F-01,F06,F,F05-P1-M-06,F05-H1-F-06
F06-O1-M-06,F06,M,F05-P1-M-06,F05-H1-F-06
F07-A1-F-03,F07,F,F06-A1-M-09,F06-K1-F-03
F07-A1-M-06,F07,M,F06-A1-M-09,F06-K1-F-03
F07-B1-F-01,F07,F,F06-B1-M-05,F06-L1-F-06
F07-B1-M-06,F07,M,F06-B1-M-05,F06-L1-F-06
F07-B1-M-07,F07,M,F06-B1-M-05,F06-L1-F-06
F07-C1-F-04,F07,F,F06-C1-M-05,F06-M1-F-01
F07-C1-M-07,F07,M,F06-C1-M-05,F06-M1-F-01
F07-D1-F-02,F07,F,F06-D1-M-09,F06-N1-F-02
F07-D1-M-05,F07,M,F06-D1-M-09,F06-N1-F-02
F07-E1-F-01,F07,F,F06-E1-M-06,F06-O1-F-01
F07-E1-M-04,F07,M,F06-E1-M-06,F06-O1-F-01
F07-F1-F-01,F07,F,F06-F1-M-08,F06-A1-F-05
F07-F1-M-10,F07,M,F06-F1-M-08,F06-A1-F-05
F07-G1-F-01,F07,F,F06-G1-M-07,F06-B1-F-02
F07-G1-F-04,F07,F,F06-G1-M-07,F06-B1-F-02
F07-G1-M-07,F07,M,F06-G1-M-07,F06-B1-F-02
F07-H1-F-04,F07,F,F06-I1-M-06,F06-C1-F-02
F07-H1-M-06,F07,M,F06-I1-M-06,F06-C1-F-02
F07-I1-F-01,F07,F,F06-J1-M-10,F06-D1-F-03
F07-I1-M-08,F07,M,F06-J1-M-10,F06-D1-F-03
F07-J1-F-03,F07,F,F06-K1-M-06,F06-E1-F-02
F07-J1-M-06,F07,M,F06-K1-M-06,F06-E1-F-02
F07-K1-F-06,F07,F,F06-L1-M-09,F06-F1-F-03
F07-K1-M-13,F07,M,F06-L1-M-09,F06-F1-F-03
F07-L1-F-03,F07,F,F06-M1-M-10,F06-G1-F-01
F07-L1-M-09,F07,M,F06-M1-M-10,F06-G1-F-01
F07-M1-F-03,F07,F,F06-N1-M-06,F06-I1-F-01
F07-M1-M-07,F07,M,F06-N1-M-06,F06-I1-F-01
F07-N1-F-03,F07,F,F06-O1-M-06,F06-J1-F-01
F07-N1-M-09,F07,M,F06-O1-M-06,F06-J1-F-01
F08-A1-F-03,F08,F,F07-A1-M-06,F07-L1-F-03
F08-A1-M-08,F08,M,F07-A1-M-06,F07-L1-F-03
F08-B1-F-01,F08,F,F07-B1-M-06,F07-M1-F-03
F08-B1-M-06,F08,M,F07-B1-M-06,F07-M1-F-03
F08-C1-F-03,F08,F,F07-C1-M-07,F07-N1-F-03
F08-C1-M-07,F08,M,F07-C1-M-07,F07-N1-F-03
F08-C1-M-08,F08,M,F07-C1-M-07,F07-N1-F-03
F08-D1-F-01,F08,F,F07-D1-M-05,F07-A1-F-03
F08-D1-M-06,F08,M,F07-D1-M-05,F07-A1-F-03
F08-E1-F-03,F08,F,F07-E1-M-04,F07-B1-F-01
F08-E1-M-07,F08,M,F07-E1-M-04,F07-B1-F-01
F08-F1-F-01,F08,F,F07-F1-M-10,F07-C1-F-04
F08-F1-M-04,F08,M,F07-F1-M-10,F07-C1-F-04
F08-G1-F-04,F08,F,F07-G1-M-07,F07-D1-F-02
F08-G1-M-10,F08,M,F07-G1-M-07,F07-D1-F-02
F08-H1-F-02,F08,F,F07-H1-M-06,F07-E1-F-01
F08-H1-M-12,F08,M,F07-H1-M-06,F07-E1-F-01
F08-I1-F-06,F08,F,F07-I1-M-08,F07-F1-F-01
F08-I1-M-10,F08,M,F07-I1-M-08,F07-F1-F-01
F08-J1-F-03,F08,F,F07-J1-M-06,F07-G1-F-04
F08-J1-F-04,F08,F,F07-J1-M-06,F07-G1-F-04
F08-J1-M-12,F08,M,F07-J1-M-06,F07-G1-F-04
F08-K1-F-07,F08,F,F07-K1-M-13,F07-H1-F-04
F08-K1-M-09,F08,M,F07-K1-M-13,F07-H1-F-04
F08-L1-F-04,F08,F,F07-L1-M-09,F07-I1-F-01
F08-L1-M-07,F08,M,F07-L1-M-09,F07-I1-F-01
F08-M1-F-01,F08,F,F07-M1-M-07,F07-J1-F-03
F08-M1-M-08,F08,M,F07-M1-M-07,F07-J1-F-03
F08-N1-F-01,F08,F,F07-N1-M-09,F07-K1-F-06
F08-N1-M-08,F08,M,F07-N1-M-09,F07-K1-F-06
F09-A1-F-02,F09,F,F08-A1-M-08,F08-D1-F-01
F09-A1-M-06,F09,M,F08-A1-M-08,F08-D1-F-01
F09-B1-M-01,F09,M,F08-B1-M-06,F08-E1-F-03
F09-C1-F-02,F09,F,F08-C1-M-07,F08-F1-F-01
F09-C1-M-03,F09,M,F08-C1-M-07,F08-F1-F-01
F09-D1-F-02,F09,F,F08-D1-M-06,F08-G1-F-04
F09-D1-M-04,F09,M,F08-D1-M-06,F08-G1-F-04
F09-D1-M-07,F09,M,F08-D1-M-06,F08-G1-F-04
F09-E1-F-03,F09,F,F08-E1-M-07,F08-H1-F-02
F09-E1-M-10,F09,M,F08-E1-M-07,F08-H1-F-02
F09-F1-F-01,F09,F,F08-F1-M-04,F08-I1-F-06
F09-F1-M-12,F09,M,F08-F1-M-04,F08-I1-F-06
F09-G1-F-01,F09,F,F08-G1-M-10,F08-J1-F-04
F09-G1-F-03,F09,F,F08-G1-M-10,F08-J1-F-04
F09-G1-M-07,F09,M,F08-G1-M-10,F08-J1-F-04
F09-H1-F-05,F09,F,F08-H1-M-12,F08-K1-F-07
F09-H1-M-10,F09,M,F08-H1-M-12,F08-K1-F-07
F09-I1-F-01,F09,F,F08-I1-M-10,F08-L1-F-04
F09-I1-M-05,F09,M,F08-I1-M-10,F08-L1-F-04
F09-J1-F-03,F09,F,F08-J1-M-12,F08-M1-F-01
F09-J1-M-07,F09,M,F08-J1-M-12,F08-M1-F-01
F09-K1-F-04,F09,F,F08-K1-M-09,F08-N1-F-01
F09-K1-M-12,F09,M,F08-K1-M-09,F08-N1-F-01
F09-L1-F-01,F09,F,F08-L1-M-07,F08-A1-F-03
F09-L1-M-08,F09,M,F08-L1-M-07,F08-A1-F-03
F09-M1-F-01,F09,F,F08-M1-M-08,F08-B1-F-01
F09-M1-M-07,F09,M,F08-M1-M-08,F08-B1-F-01
F09-N1-F-02,F09,F,F08-N1-M-08,F08-C1-F-03
F09-O1-F-02,F09,F,F08-C1-M-08,F08-J1-F-03
F09-O1-M-07,F09,M,F08-C1-M-08,F08-J1-F-03
F10-A1-F-06,F10,F,F09-A1-M-06,F09-G1-F-01
F10-A1-M-08,F10,M,F09-A1-M-06,F09-G1-F-01
F10-B1-F-02,F10,F,F09-B1-M-01,F09-H1-F-05
F10-C1-F-01,F10,F,F09-C1-M-03,F09-I1-F-01
F10-C1-M-08,F10,M,F09-C1-M-03,F09-I1-F-01
F10-D1-F-05,F10,F,F09-D1-M-04,F09-J1-F-03
F10-D1-M-08,F10,M,F09-D1-M-04,F09-J1-F-03
F10-E1-F-01,F10,F,F09-E1-M-10,F09-K1-F-04
F10-E1-M-09,F10,M,F09-E1-M-10,F09-K1-F-04
F10-F1-F-01,F10,F,F09-F1-M-12,F09-L1-F-01
F10-G1-F-02,F10,F,F09-G1-M-07,F09-M1-F-01
F10-G1-M-07,F10,M,F09-G1-M-07,F09-M1-F-01
F10-H1-F-07,F10,F,F09-H1-M-10,F09-N1-F-02
F10-H1-M-09,F10,M,F09-H1-M-10,F09-N1-F-02
F10-I1-F-02,F10,F,F09-I1-M-05,F09-A1-F-02
F10-I1-M-07,F10,M,F09-I1-M-05,F09-A1-F-02
F10-J1-M-07,F10,M,F09-J1-M-07,F09-O1-F-02
F10-K1-F-05,F10,F,F09-K1-M-12,F09-C1-F-02
F10-K1-F-07,F10,F,F09-K1-M-12,F09-C1-F-02
F10-K1-M-12,F10,M,F09-K1-M-12,F09-C1-F-02
F10-L1-F-03,F10,F,F09-L1-M-08,F09-D1-F-02
F10-L1-M-10,F10,M,F09-L1-M-08,F09-D1-F-02
F10-M1-F-02,F10,F,F09-M1-M-07,F09-E1-F-03
F10-M1-M-08,F10,M,F09-M1-M-07,F09-E1-F-03
F10-N1-F-04,F10,F,F09-O1-M-07,F09-F1-F-01
F10-N1-M-10,F10,M,F09-O1-M-07,F09-F1-F-01
F10-O1-M-03,F10,M,F09-D1-M-07,F09-G1-F-03
F10-O1-M-04,F10,M,F09-D1-M-07,F09-G1-F-03
F11-A1-F-04,F11,F,F10-A1-M-08,F10-I1-F-02
F11-A1-M-14,F11,M,F10-A1-M-08,F10-I1-F-02
F11-C1-M-04,F11,M,F10-C1-M-08,F10-K1-F-07
F11-D1-F-02,F11,F,F10-D1-M-08,F10-L1-F-03
F11-D1-M-11,F11,M,F10-D1-M-08,F10-L1-F-03
F11-E1-F-02,F11,F,F10-E1-M-09,F10-M1-F-02
F11-E1-M-03,F11,M,F10-E1-M-09,F10-M1-F-02
F11-F1-F-02,F11,F,F10-G1-M-07,F10-N1-F-04
F11-F1-F-03,F11,F,F10-G1-M-07,F10-N1-F-04
F11-F1-M-09,F11,M,F10-G1-M-07,F10-N1-F-04
F11-G1-F-02,F11,F,F10-H1-M-09,F10-A1-F-06
F11-G1-M-11,F11,M,F10-H1-M-09,F10-A1-F-06
F11-H1-F-03,F11,F,F10-I1-M-07,F10-B1-F-02
F11-H1-M-06,F11,M,F10-I1-M-07,F10-B1-F-02
F11-H1-M-10,F11,M,F10-I1-M-07,F10-B1-F-02
F11-I1-F-01,F11,F,F10-J1-M-07,F10-C1-F-01
F11-J1-F-07,F11,F,F10-K1-M-12,F10-D1-F-05
F11-K1-F-03,F11,F,F10-L1-M-10,F10-E1-F-01
F11-K1-M-05,F11,M,F10-L1-M-10,F10-E1-F-01
F11-L1-M-07,F11,M,F10-M1-M-08,F10-F1-F-01
F11-M1-F-03,F11,F,F10-N1-M-10,F10-G1-F-02
F11-M1-M-04,F11,M,F10-N1-M-10,F10-G1-F-02
F11-N1-F-05,F11,F,F10-O1-M-04,F10-H1-F-07
F11-N1-M-07,F11,M,F10-O1-M-04,F10-H1-F-07
F11-O1-F-02,F11,F,F10-O1-M-03,F10-K1-F-05
F11-O1-M-03,F11,M,F10-O1-M-03,F10-K1-F-05
F12-A1-F-01,F12,F,F11-A1-M-14,F11-K1-F-03
F12-A1-M-05,F12,M,F11-A1-M-14,F11-K1-F-03
F12-C1-F-04,F12,F,F11-D1-M-11,F11-E1-F-02
F12-C1-M-08,F12,M,F11-D1-M-11,F11-E1-F-02
F12-D1-F-05,F12,F,F11-E1-M-03,F11-M1-F-03
F12-D1-M-08,F12,M,F11-E1-M-03,F11-M1-F-03
F12-E1-F-05,F12,F,F11-F1-M-09,F11-A1-F-04
F12-E1-M-06,F12,M,F11-F1-M-09,F11-A1-F-04
F12-F1-F-02,F12,F,F11-G1-M-11,F11-O1-F-02
F12-F1-F-06,F12,F,F11-G1-M-11,F11-O1-F-02
F12-F1-M-08,F12,M,F11-G1-M-11,F11-O1-F-02
F12-G1-F-02,F12,F,F11-H1-M-10,F11-F1-F-02
F12-G1-M-06,F12,M,F11-H1-M-10,F11-F1-F-02
F12-J1-F-03,F12,F,F11-K1-M-05,F11-N1-F-05
F12-J1-M-05,F12,M,F11-K1-M-05,F11-N1-F-05
F12-K1-F-05,F12,F,F11-L1-M-07,F11-G1-F-02
F12-K1-M-09,F12,M,F11-L1-M-07,F11-G1-F-02
F12-K1-M-11,F12,M,F11-L1-M-07,F11-G1-F-02
F12-L1-F-03,F12,F,F11-M1-M-04,F11-I1-F-01
F12-L1-F-04,F12,F,F11-M1-M-04,F11-I1-F-01
F12-L1-M-06,F12,M,F11-M1-M-04,F11-I1-F-01
F12-L1-M-09,F12,M,F11-M1-M-04,F11-I1-F-01
F12-M1-F-06,F12,F,F11-N1-M-07,F11-H1-F-03
F12-M1-F-08,F12,F,F11-N1-M-07,F11-H1-F-03
F12-M1-M-13,F12,M,F11-N1-M-07,F11-H1-F-03
F12-N1-F-03,F12,F,F11-O1-M-03,F11-D1-F-02
F12-N1-M-07,F12,M,F11-O1-M-03,F11-D1-F-02
F12-O1-F-02,F12,F,F11-H1-M-06,F11-J1-F-07
F12-O1-M-05,F12,M,F11-H1-M-06,F11-J1-F-07
F12-P1-F-01,F12,F,F11-C1-M-04,F11-F1-F-03
F12-P1-M-07,F12,M,F11-C1-M-04,F11-F1-F-03
F12-P1-M-10,F12,M,F11-C1-M-04,F11-F1-F-03
F13-A1-F-01,F13,F,F12-A1-M-05,F12-E1-F-05
F13-B1-F-01,F13,F,F12-C1-M-08,F12-J1-F-03
F13-B1-M-08,F13,M,F12-C1-M-08,F12-J1-F-03
F13-C1-F-01,F13,F,F12-D1-M-08,F12-C1-F-04
F13-C1-M-04,F13,M,F12-D1-M-08,F12-C1-F-04
F13-D1-F-02,F13,F,F12-E1-M-06,F12-K1-F-05
F13-D1-M-06,F13,M,F12-E1-M-06,F12-K1-F-05
F13-E1-F-03,F13,F,F12-F1-M-08,F12-L1-F-03
F13-E1-M-08,F13,M,F12-F1-M-08,F12-L1-F-03
F13-F1-F-02,F13,F,F12-G1-M-06,F12-O1-F-02
F13-F1-M-11,F13,M,F12-G1-M-06,F12-O1-F-02
F13-G1-F-04,F13,F,F12-J1-M-05,F12-N1-F-03
F13-G1-M-15,F13,M,F12-J1-M-05,F12-N1-F-03
F13-H1-M-07,F13,M,F12-K1-M-11,F12-P1-F-01
F13-I1-F-04,F13,F,F12-L1-M-09,F12-A1-F-01
F13-J1-F-05,F13,F,F12-M1-M-13,F12-D1-F-05
F13-J1-M-09,F13,M,F12-M1-M-13,F12-D1-F-05
F13-K1-F-03,F13,F,F12-N1-M-07,F12-F1-F-06
F13-K1-M-04,F13,M,F12-N1-M-07,F12-F1-F-06
F13-K1-M-08,F13,M,F12-N1-M-07,F12-F1-F-06
F13-L1-F-02,F13,F,F12-O1-M-05,F12-M1-F-06
F13-L1-M-07,F13,M,F12-O1-M-05,F12-M1-F-06
F13-M1-F-02,F13,F,F12-P1-M-10,F12-G1-F-02
F13-N1-M-06,F13,M,F12-K1-M-09,F12-L1-F-04
F13-O1-F-01,F13,F,F12-P1-M-07,F12-F1-F-02
F13-O1-M-05,F13,M,F12-P1-M-07,F12-F1-F-02
F13-P1-F-06,F13,F,F12-L1-M-06,F12-M1-F-08
F13-P1-M-12,F13,M,F12-L1-M-06,F12-M1-F-08
F14-A1-F-09,F14,F,F13-K1-M-08,F13-C1-F-01
F14-A1-M-14,F14,M,F13-K1-M-08,F13-C1-F-01
F14-B1-M-02,F14,M,F13-B1-M-08,F13-O1-F-01
F14-C1-F-01,F14,F,F13-C1-M-04,F13-G1-F-04
F14-C1-M-08,F14,M,F13-C1-M-04,F13-G1-F-04
F14-D1-F-03,F14,F,F13-D1-M-06,F13-K1-F-03
F14-D1-M-05,F14,M,F13-D1-M-06,F13-K1-F-03
F14-E1-F-03,F14,F,F13-E1-M-08,F13-J1-F-05
F14-E1-M-09,F14,M,F13-E1-M-08,F13-J1-F-05
F14-E1-M-10,F14,M,F13-E1-M-08,F13-J1-F-05
F14-F1-F-01,F14,F,F13-F1-M-11,F13-E1-F-03
F14-F1-F-02,F14,F,F13-F1-M-11,F13-E1-F-03
F14-F1-M-10,F14,M,F13-F1-M-11,F13-E1-F-03
F14-G1-F-02,F14,F,F13-G1-M-15,F13-F1-F-02
F14-G1-M-04,F14,M,F13-G1-M-15,F13-F1-F-02
F14-G1-M-08,F14,M,F13-G1-M-15,F13-F1-F-02
F14-H1-F-04,F14,F,F13-H1-M-07,F13-P1-F-06
F14-H1-F-05,F14,F,F13-H1-M-07,F13-P1-F-06
F14-H1-M-07,F14,M,F13-H1-M-07,F13-P1-F-06
F14-J1-F-03,F14,F,F13-J1-M-09,F13-B1-F-01
F14-J1-M-04,F14,M,F13-J1-M-09,F13-B1-F-01
F14-K1-F-06,F14,F,F13-K1-M-04,F13-A1-F-01
F14-K1-M-08,F14,M,F13-K1-M-04,F13-A1-F-01
F14-L1-F-05,F14,F,F13-L1-M-07,F13-D1-F-02
F14-L1-M-10,F14,M,F13-L1-M-07,F13-D1-F-02
F14-N1-F-08,F14,F,F13-N1-M-06,F13-L1-F-02
F14-N1-M-10,F14,M,F13-N1-M-06,F13-L1-F-02
F14-O1-F-03,F14,F,F13-O1-M-05,F13-I1-F-04
F14-O1-F-04,F14,F,F13-O1-M-05,F13-I1-F-04
F14-P1-M-04,F14,M,F13-P1-M-12,F13-M1-F-02
F15-A1-F-03,F15,F,F14-A1-M-14,F14-F1-F-01
F15-A1-M-11,F15,M,F14-A1-M-14,F14-F1-F-01
F15-B1-F-01,F15,F,F14-B1-M-02,F14-O1-F-04
F15-C1-F-03,F15,F,F14-C1-M-08,F14-K1-F-06
F15-C1-M-10,F15,M,F14-C1-M-08,F14-K1-F-06
F15-D1-F-04,F15,F,F14-D1-M-05,F14-N1-F-08
F15-D1-M-09,F15,M,F14-D1-M-05,F14-N1-F-08
F15-E1-F-01,F15,F,F14-E1-M-09,F14-J1-F-03
F15-E1-M-04,F15,M,F14-E1-M-09,F14-J1-F-03
F15-F1-F-02,F15,F,F14-F1-M-10,F14-D1-F-03
F15-F1-M-07,F15,M,F14-F1-M-10,F14-D1-F-03
F15-G1-F-02,F15,F,F14-G1-M-04,F14-L1-F-05
F15-G1-M-09,F15,M,F14-G1-M-04,F14-L1-F-05
F15-H1-F-01,F15,F,F14-H1-M-07,F14-G1-F-02
F15-H1-M-10,F15,M,F14-H1-M-07,F14-G1-F-02
F15-I1-F-01,F15,F,F14-J1-M-04,F14-A1-F-09
F15-J1-F-02,F15,F,F14-K1-M-08,F14-E1-F-03
F15-J1-M-06,F15,M,F14-K1-M-08,F14-E1-F-03
F15-K1-F-02,F15,F,F14-L1-M-10,F14-C1-F-01
F15-K1-M-12,F15,M,F14-L1-M-10,F14-C1-F-01
F15-L1-F-06,F15,F,F14-N1-M-10,F14-H1-F-04
F15-L1-M-09,F15,M,F14-N1-M-10,F14-H1-F-04
F15-N1-F-02,F15,F,F14-P1-M-04,F14-F1-F-02
F15-N1-M-09,F15,M,F14-P1-M-04,F14-F1-F-02
F15-N1-M-13,F15,M,F14-P1-M-04,F14-F1-F-02
F15-O1-F-01,F15,F,F14-E1-M-10,F14-H1-F-05
F15-O1-M-03,F15,M,F14-E1-M-10,F14-H1-F-05
F15-P1-M-01,F15,M,F14-G1-M-08,F14-O1-F-03
F16-A1-F-05,F16,F,F15-A1-M-11,F15-D1-F-04
F16-C1-F-01,F16,F,F15-C1-M-10,F15-G1-F-02
F16-D1-M-06,F16,M,F15-D1-M-09,F15-I1-F-01
F16-E1-F-02,F16,F,F15-E1-M-04,F15-F1-F-02
F16-E1-M-04,F16,M,F15-E1-M-04,F15-F1-F-02
F16-E1-M-08,F16,M,F15-E1-M-04,F15-F1-F-02
F16-F1-F-02,F16,F,F15-F1-M-07,F15-B1-F-01
F16-F1-M-04,F16,M,F15-F1-M-07,F15-B1-F-01
F16-G1-F-03,F16,F,F15-G1-M-09,F15-L1-F-06
F16-G1-F-05,F16,F,F15-G1-M-09,F15-L1-F-06
F16-G1-M-10,F16,M,F15-G1-M-09,F15-L1-F-06
F16-G1-M-11,F16,M,F15-G1-M-09,F15-L1-F-06
F16-H1-F-01,F16,F,F15-H1-M-10,F15-E1-F-01
F16-H1-F-03,F16,F,F15-H1-M-10,F15-E1-F-01
F16-H1-M-08,F16,M,F15-H1-M-10,F15-E1-F-01
F16-J1-F-03,F16,F,F15-K1-M-12,F15-A1-F-03
F16-J1-F-05,F16,F,F15-K1-M-12,F15-A1-F-03
F16-J1-M-06,F16,M,F15-K1-M-12,F15-A1-F-03
F16-K1-F-01,F16,F,F15-J1-M-06,F15-K1-F-02
F16-L1-F-06,F16,F,F15-L1-M-09,F15-O1-F-01
F16-L1-M-12,F16,M,F15-L1-M-09,F15-O1-F-01
F16-M1-M-03,F16,M,F15-N1-M-13,F15-J1-F-02
F16-N1-F-01,F16,F,F15-O1-M-03,F15-N1-F-02
F16-N1-M-03,F16,M,F15-O1-M-03,F15-N1-F-02
F16-N1-M-06,F16,M,F15-O1-M-03,F15-N1-F-02
F16-O1-F-01,F16,F,F15-P1-M-01,F15-H1-F-01
F16-O1-M-07,F16,M,F15-P1-M-01,F15-H1-F-01
F16-P1-M-10,F16,M,F15-N1-M-09,F15-C1-F-03
F17-B1-F-03,F17,F,F16-G1-M-10,F16-C1-F-01
F17-B1-M-05,F17,M,F16-G1-M-10,F16-C1-F-01
F17-B1-M-06,F17,M,F16-G1-M-10,F16-C1-F-01
F17-C1-F-08,F17,F,F16-D1-M-06,F16-J1-F-03
F17-C1-M-17,F17,M,F16-D1-M-06,F16-J1-F-03
F17-D1-F-01,F17,F,F16-E1-M-08,F16-F1-F-02
F17-D1-M-06,F17,M,F16-E1-M-08,F16-F1-F-02
F17-E1-F-02,F17,F,F16-F1-M-04,F16-K1-F-01
F17-E1-F-05,F17,F,F16-F1-M-04,F16-K1-F-01
F17-F1-M-10,F17,M,F16-G1-M-11,F16-E1-F-02
F17-G1-F-03,F17,F,F16-H1-M-08,F16-L1-F-06
F17-G1-M-09,F17,M,F16-H1-M-08,F16-L1-F-06
F17-H1-F-01,F17,F,F16-J1-M-06,F16-H1-F-01
F17-H1-M-07,F17,M,F16-J1-M-06,F16-H1-F-01
F17-J1-F-01,F17,F,F16-L1-M-12,F16-G1-F-03
F17-J1-M-07,F17,M,F16-L1-M-12,F16-G1-F-03
F17-J1-M-09,F17,M,F16-L1-M-12,F16-G1-F-03
F17-K1-F-01,F17,F,F16-M1-M-03,F16-N1-F-01
F17-L1-F-02,F17,F,F16-N1-M-06,F16-A1-F-05
F17-M1-M-05,F17,M,F16-O1-M-07,F16-H1-F-03
F17-N1-F-01,F17,F,F16-P1-M-10,F16-O1-F-01
F17-O1-F-01,F17,F,F16-N1-M-03,F16-G1-F-05
F17-O1-M-05,F17,M,F16-N1-M-03,F16-G1-F-05
F17-O1-M-06,F17,M,F16-N1-M-03,F16-G1-F-05
F17-P1-F-04,F17,F,F16-E1-M-04,F16-J1-F-05
F17-P1-M-07,F17,M,F16-E1-M-04,F16-J1-F-05
F18-A1-F-04,F18,F,F17-B1-M-05,F17-E1-F-05
F18-A1-F-08,F18,F,F17-B1-M-05,F17-E1-F-05
F18-A1-M-11,F18,M,F17-B1-M-05,F17-E1-F-05
F18-B1-F-02,F18,F,F17-C1-M-17,F17-J1-F-01
F18-B1-M-09,F18,M,F17-C1-M-17,F17-J1-F-01
F18-C1-F-02,F18,F,F17-D1-M-06,F17-B1-F-03
F18-C1-M-07,F18,M,F17-D1-M-06,F17-B1-F-03
F18-D1-F-02,F18,F,F17-F1-M-10,F17-C1-F-08
F18-D1-M-07,F18,M,F17-F1-M-10,F17-C1-F-08
F18-F1-F-03,F18,F,F17-H1-M-07,F17-N1-F-01
F18-F1-M-12,F18,M,F17-H1-M-07,F17-N1-F-01
F18-G1-F-04,F18,F,F17-J1-M-07,F17-L1-F-02
F18-G1-M-08,F18,M,F17-J1-M-07,F17-L1-F-02
F18-I1-F-05,F18,F,F17-M1-M-05,F17-P1-F-04
F18-I1-M-07,F18,M,F17-M1-M-05,F17-P1-F-04
F18-I1-M-09,F18,M,F17-M1-M-05,F17-P1-F-04
F18-K1-F-02,F18,F,F17-O1-M-06,F17-K1-F-01
F18-K1-M-04,F18,M,F17-O1-M-06,F17-K1-F-01
F18-L1-F-01,F18,F,F17-P1-M-07,F17-G1-F-03
F18-L1-F-02,F18,F,F17-P1-M-07,F17-G1-F-03
F18-L1-M-06,F18,M,F17-P1-M-07,F17-G1-F-03
F18-M1-M-08,F18,M,F17-J1-M-09,F17-H1-F-01
F18-M1-M-09,F18,M,F17-J1-M-09,F17-H1-F-01
F18-N1-F-01,F18,F,F17-G1-M-09,F17-D1-F-01
F18-N1-M-02,F18,M,F17-G1-M-09,F17-D1-F-01
F18-O1-F-01,F18,F,F17-B1-M-06,F17-O1-F-01
F18-O1-F-03,F18,F,F17-B1-M-06,F17-O1-F-01
F18-O1-M-06,F18,M,F17-B1-M-06,F17-O1-F-01
F18-P1-F-02,F18,F,F17-O1-M-05,F17-E1-F-02
F18-P1-M-08,F18,M,F17-O1-M-05,F17-E1-F-02
F19-A1-F-01,F19,F,F18-A1-M-11,F18-L1-F-02
F19-A1-M-04,F19,M,F18-A1-M-11,F18-L1-F-02
F19-B1-M-03,F19,M,F18-B1-M-09,F18-K1-F-02
F19-B1-M-04,F19,M,F18-B1-M-09,F18-K1-F-02
F19-C1-F-04,F19,F,F18-C1-M-07,F18-F1-F-03
F19-D1-F-06,F19,F,F18-D1-M-07,F18-B1-F-02
F19-E1-F-03,F19,F,F18-F1-M-12,F18-N1-F-01
F19-E1-F-04,F19,F,F18-F1-M-12,F18-N1-F-01
F19-E1-M-08,F19,M,F18-F1-M-12,F18-N1-F-01
F19-F1-F-01,F19,F,F18-G1-M-08,F18-C1-F-02
F19-F1-F-04,F19,F,F18-G1-M-08,F18-C1-F-02
F19-F1-M-10,F19,M,F18-G1-M-08,F18-C1-F-02
F19-G1-F-03,F19,F,F18-I1-M-07,F18-D1-F-02
F19-H1-M-02,F19,M,F18-K1-M-04,F18-G1-F-04
F19-H1-M-04,F19,M,F18-K1-M-04,F18-G1-F-04
F19-I1-F-05,F19,F,F18-L1-M-06,F18-O1-F-01
F19-I1-M-11,F19,M,F18-L1-M-06,F18-O1-F-01
F19-J1-F-02,F19,F,F18-M1-M-08,F18-P1-F-02
F19-J1-M-04,F19,M,F18-M1-M-08,F18-P1-F-02
F19-K1-F-03,F19,F,F18-N1-M-02,F18-I1-F-05
F19-K1-M-05,F19,M,F18-N1-M-02,F18-I1-F-05
F19-M1-F-01,F19,F,F18-P1-M-08,F18-A1-F-04
F19-M1-M-05,F19,M,F18-P1-M-08,F18-A1-F-04
F19-M1-M-06,F19,M,F18-P1-M-08,F18-A1-F-04
F19-N1-M-10,F19,M,F18-I1-M-09,F18-O1-F-03
F19-O1-F-01,F19,F,F18-M1-M-09,F18-L1-F-01
F19-O1-M-03,F19,M,F18-M1-M-09,F18-L1-F-01
F19-P1-F-04,F19,F,F18-O1-M-06,F18-A1-F-08
F20-A1-F-01,F20,F,F19-A1-M-04,F19-C1-F-04
F20-A1-F-02,F20,F,F19-A1-M-04,F19-C1-F-04
F20-A1-F-03,F20,F,F19-A1-M-04,F19-C1-F-04
F20-A1-F-04,F20,F,F19-A1-M-04,F19-C1-F-04
F20-A1-F-05,F20,F,F19-A1-M-04,F19-C1-F-04
F20-A1-F-06,F20,F,F19-A1-M-04,F19-C1-F-04
F20-A1-M-07,F20,M,F19-A1-M-04,F19-C1-F-04
F20-A1-M-08,F20,M,F19-A1-M-04,F19-C1-F-04
F20-B1-F-01,F20,F,F19-B1-M-04,F19-J1-F-02
F20-B1-F-02,F20,F,F19-B1-M-04,F19-J1-F-02
F20-B1-F-03,F20,F,F19-B1-M-04,F19-J1-F-02
F20-B1-F-04,F20,F,F19-B1-M-04,F19-J1-F-02
F20-B1-M-05,F20,M,F19-B1-M-04,F19-J1-F-02
F20-B1-M-06,F20,M,F19-B1-M-04,F19-J1-F-02
F20-B1-M-07,F20,M,F19-B1-M-04,F19-J1-F-02
F20-B1-M-08,F20,M,F19-B1-M-04,F19-J1-F-02
F20-B1-M-09,F20,M,F19-B1-M-04,F19-J1-F-02
F20-D1-F-01,F20,F,F19-E1-M-08,F19-A1-F-01
F20-D1-F-02,F20,F,F19-E1-M-08,F19-A1-F-01
F20-D1-F-03,F20,F,F19-E1-M-08,F19-A1-F-01
F20-D1-F-04,F20,F,F19-E1-M-08,F19-A1-F-01
F20-D1-F-05,F20,F,F19-E1-M-08,F19-A1-F-01
F20-D1-F-06,F20,F,F19-E1-M-08,F19-A1-F-01
F20-D1-M-07,F20,M,F19-E1-M-08,F19-A1-F-01
F20-D1-M-08,F20,M,F19-E1-M-08,F19-A1-F-01
F20-D1-M-09,F20,M,F19-E1-M-08,F19-A1-F-01
F20-D1-M-10,F20,M,F19-E1-M-08,F19-A1-F-01
F20-D1-M-11,F20,M,F19-E1-M-08,F19-A1-F-01
F20-D1-M-12,F20,M,F19-E1-M-08,F19-A1-F-01
F20-D1-M-13,F20,M,F19-E1-M-08,F19-A1-F-01
F20-D1-M-14,F20,M,F19-E1-M-08,F19-A1-F-01
F20-E1-F-01,F20,F,F19-F1-M-10,F19-P1-F-04
F20-E1-M-02,F20,M,F19-F1-M-10,F19-P1-F-04
F20-G1-F-01,F20,F,F19-H1-M-02,F19-E1-F-04
F20-G1-F-02,F20,F,F19-H1-M-02,F19-E1-F-04
F20-G1-F-03,F20,F,F19-H1-M-02,F19-E1-F-04
F20-G1-F-04,F20,F,F19-H1-M-02,F19-E1-F-04
F20-G1-F-05,F20,F,F19-H1-M-02,F19-E1-F-04
F20-G1-F-06,F20,F,F19-H1-M-02,F19-E1-F-04
F20-G1-F-07,F20,F,F19-H1-M-02,F19-E1-F-04
F20-G1-F-08,F20,F,F19-H1-M-02,F19-E1-F-04
F20-G1-F-09,F20,F,F19-H1-M-02,F19-E1-F-04
F20-G1-M-10,F20,M,F19-H1-M-02,F19-E1-F-04
F20-G1-M-11,F20,M,F19-H1-M-02,F19-E1-F-04
F20-G1-M-12,F20,M,F19-H1-M-02,F19-E1-F-04
F20-G1-M-13,F20,M,F19-H1-M-02,F19-E1-F-04
F20-G1-M-14,F20,M,F19-H1-M-02,F19-E1-F-04
F20-G1-M-15,F20,M,F19-H1-M-02,F19-E1-F-04
F20-H1-F-01,F20,F,F19-I1-M-11,F19-M1-F-01
F20-H1-F-02,F20,F,F19-I1-M-11,F19-M1-F-01
F20-H1-F-03,F20,F,F19-I1-M-11,F19-M1-F-01
F20-H1-F-04,F20,F,F19-I1-M-11,F19-M1-F-01
F20-H1-F-09,F20,F,F19-I1-M-11,F19-M1-F-01
F20-H1-M-05,F20,M,F19-I1-M-11,F19-M1-F-01
F20-H1-M-06,F20,M,F19-I1-M-11,F19-M1-F-01
F20-H1-M-07,F20,M,F19-I1-M-11,F19-M1-F-01
F20-H1-M-08,F20,M,F19-I1-M-11,F19-M1-F-01
F20-I1-F-01,F20,F,F19-J1-M-04,F19-F1-F-04
F20-I1-F-02,F20,F,F19-J1-M-04,F19-F1-F-04
F20-I1-F-03,F20,F,F19-J1-M-04,F19-F1-F-04
F20-I1-F-04,F20,F,F19-J1-M-04,F19-F1-F-04
F20-I1-M-05,F20,M,F19-J1-M-04,F19-F1-F-04
F20-I1-M-06,F20,M,F19-J1-M-04,F19-F1-F-04
F20-I1-M-07,F20,M,F19-J1-M-04,F19-F1-F-04
F20-I1-M-08,F20,M,F19-J1-M-04,F19-F1-F-04
F20-I1-M-09,F20,M,F19-J1-M-04,F19-F1-F-04
F20-J1-F-01,F20,F,F19-K1-M-05,F19-D1-F-06
F20-J1-F-02,F20,F,F19-K1-M-05,F19-D1-F-06
F20-J1-F-03,F20,F,F19-K1-M-05,F19-D1-F-06
F20-J1-F-04,F20,F,F19-K1-M-05,F19-D1-F-06
F20-J1-F-05,F20,F,F19-K1-M-05,F19-D1-F-06
F20-J1-F-06,F20,F,F19-K1-M-05,F19-D1-F-06
F20-J1-M-07,F20,M,F19-K1-M-05,F19-D1-F-06
F20-J1-M-08,F20,M,F19-K1-M-05,F19-D1-F-06
F20-J1-M-09,F20,M,F19-K1-M-05,F19-D1-F-06
F20-J1-M-10,F20,M,F19-K1-M-05,F19-D1-F-06
F20-K1-F-01,F20,F,F19-M1-M-06,F19-O1-F-01
F20-K1-F-02,F20,F,F19-M1-M-06,F19-O1-F-01
F20-K1-F-03,F20,F,F19-M1-M-06,F19-O1-F-01
F20-K1-F-04,F20,F,F19-M1-M-06,F19-O1-F-01
F20-K1-M-05,F20,M,F19-M1-M-06,F19-O1-F-01
F20-K1-M-06,F20,M,F19-M1-M-06,F19-O1-F-01
F20-K1-M-07,F20,M,F19-M1-M-06,F19-O1-F-01
F20-K1-M-08,F20,M,F19-M1-M-06,F19-O1-F-01
F20-K1-M-09,F20,M,F19-M1-M-06,F19-O1-F-01
F20-K1-M-10,F20,M,F19-M1-M-06,F19-O1-F-01
F20-K1-M-11,F20,M,F19-M1-M-06,F19-O1-F-01
F20-K1-M-12,F20,M,F19-M1-M-06,F19-O1-F-01
F20-L1-F-01,F20,F,F19-N1-M-10,F19-K1-F-03
F20-L1-F-02,F20,F,F19-N1-M-10,F19-K1-F-03
F20-L1-F-03,F20,F,F19-N1-M-10,F19-K1-F-03
F20-L1-F-04,F20,F,F19-N1-M-10,F19-K1-F-03
F20-L1-F-05,F20,F,F19-N1-M-10,F19-K1-F-03
F20-L1-M-06,F20,M,F19-N1-M-10,F19-K1-F-03
F20-L1-M-07,F20,M,F19-N1-M-10,F19-K1-F-03
F20-L1-M-08,F20,M,F19-N1-M-10,F19-K1-F-03
F20-L1-M-09,F20,M,F19-N1-M-10,F19-K1-F-03
F20-L1-M-10,F20,M,F19-N1-M-10,F19-K1-F-03
F20-M1-F-01,F20,F,F19-O1-M-03,F19-G1-F-03
F20-M1-F-02,F20,F,F19-O1-M-03,F19-G1-F-03
F20-M1-F-03,F20,F,F19-O1-M-03,F19-G1-F-03
F20-M1-F-04,F20,F,F19-O1-M-03,F19-G1-F-03
F20-M1-M-05,F20,M,F19-O1-M-03,F19-G1-F-03
F20-M1-M-06,F20,M,F19-O1-M-03,F19-G1-F-03
F20-M1-M-07,F20,M,F19-O1-M-03,F19-G1-F-03
F20-M1-M-08,F20,M,F19-O1-M-03,F19-G1-F-03
F20-N1-F-01,F20,F,F19-B1-M-03,F19-I1-F-05
F20-N1-F-02,F20,F,F19-B1-M-03,F19-I1-F-05
F20-N1-M-03,F20,M,F19-B1-M-03,F19-I1-F-05
F20-N1-M-04,F20,M,F19-B1-M-03,F19-I1-F-05
F20-N1-M-05,F20,M,F19-B1-M-03,F19-I1-F-05
F20-N1-M-06,F20,M,F19-B1-M-03,F19-I1-F-05
F20-N1-M-07,F20,M,F19-B1-M-03,F19-I1-F-05
F20-O1-F-01,F20,F,F19-H1-M-04,F19-F1-F-01
F20-O1-F-02,F20,F,F19-H1-M-04,F19-F1-F-01
F20-O1-F-03,F20,F,F19-H1-M-04,F19-F1-F-01
F20-O1-M-04,F20,M,F19-H1-M-04,F19-F1-F-01
F20-P1-F-01,F20,F,F19-M1-M-05,F19-E1-F-03
F20-P1-F-02,F20,F,F19-M1-M-05,F19-E1-F-03
F20-P1-F-03,F20,F,F19-M1-M-05,F19-E1-F-03
F20-P1-F-04,F20,F,F19-M1-M-05,F19-E1-F-03
F20-P1-M-05,F20,M,F19-M1-M-05,F19-E1-F-03
F20-P1-M-06,F20,M,F19-M1-M-05,F19-E1-F-03
F20-P1-M-07,F20,M,F19-M1-M-05,F19-E1-F-03
F17-A1-F-03,F17,F,F16-A1-M-06,F16-D1-F-04
F16-A1-M-06,F16,M,F15-A1-M-11,F15-D1-F-04
F16-D1-F-04,F16,F,F15-D1-M-09,F15-I1-F-01
